# Version de la charte par domaine — fichier reçu (dom;version), à compléter si besoin
#   dom     : début de l'URL du site (ex. www.touraine-eschool.fr), ou "default" pour tout
#             domaine non listé (hors requête web comprise)
#   version : date de version de la charte du domaine (yyyy-MM-dd)
# Le préfixe "www." est indifférent : une clé sans "www." couvre aussi l'hôte avec "www.".
# L'URL (nom) de la charte reste configurée dans application.yml (charte.urls / charte.default-url).
dom;version
default;2024-01-02
www.touraine-eschool.fr;2024-01-02
col18.lycees.netocentre.fr;2024-01-02
col41.lycees.netocentre.fr;2024-01-02
col36.lycees.netocentre.fr;2024-01-02
col45.lycees.netocentre.fr;2024-01-02
col28.lycees.netocentre.fr;2024-01-02
cfa.netocentre.fr;2024-01-02
lycees.netocentre.fr;2024-01-02
ent.recia.fr;2024-01-02
webocentre.recia.fr;2024-01-02
formations-sociales.netocentre.fr;2024-01-02
